{"cameraMode":{"drawMode":0,"name":"Shaded","section":"Shading Mode"},"sceneLighting":false,"audioPlay":false,"sceneViewState":{"showFog":true,"showMaterialUpdate":false,"showSkybox":true,"showFlares":true,"showImageEffects":true,"showParticleSystems":true},"in2DMode":false,"pivot":{"x":168.8362274169922,"y":0.09999990463256836,"z":54.56960678100586},"rotation":{"x":0.07966584712266922,"y":-0.12615875899791718,"z":0.010164846666157246,"w":0.9887537956237793},"size":20.005186080932618,"orthographic":false}